"Codigo","Región ","Codigo","Provincia ","Codigo","Comunas o Ciudades "
"01","Arica y Parinacota ","01.01","Arica ","01.01.01","Arica
"
"01","Arica y Parinacota ","01.01","Arica ","01.01.02","Camarones "
"01","Arica y Parinacota ","01.02","Parinacota ","01.02.01","General Lagos
Putre "
"02","Tarapacá ","02.01","Iquique ","02.01.01","Alto Hospicio"
"02","Tarapacá ","02.01","Iquique ","02.01.02","Iquique "
"02","Tarapacá ","02.02","Tamarugal ","02.02.01","Camiña
"
"02","Tarapacá ","02.02","Tamarugal ","02.02.02","Colchane
"
"02","Tarapacá ","02.02","Tamarugal ","02.02.03","Huara
"
"02","Tarapacá ","02.02","Tamarugal ","02.02.04","Pica"
"02","Tarapacá ","02.02","Tamarugal ","02.02.05","Pozo Almonte "
"03","Antofagasta ","03.01","Antofagasta ","03.01.01","Antofagasta"
"03","Antofagasta ","03.01","Antofagasta ","03.01.02","Mejillones"
"03","Antofagasta ","03.01","Antofagasta ","03.01.03","Sierra Gorda"
"03","Antofagasta ","03.01","Antofagasta ","03.01.04","Taltal "
"03","Antofagasta ","03.02","El Loa ","03.02.01","Calama"
"03","Antofagasta ","03.02","El Loa ","03.02.02","Ollagüe"
"03","Antofagasta ","03.02","El Loa ","03.02.03","San Pedro de Atacama "
"03","Antofagasta ","03.03","Tocopilla ","03.03.01","María Elena"
"03","Antofagasta ","03.03","Tocopilla ","03.03.02","Tocopilla "
"04","Atacama ","04.01","Chañaral ","04.01.01","Chañaral"
"04","Atacama ","04.01","Chañaral ","04.01.02","Diego de Almagro "
"04","Atacama ","04.02","Copiapó ","04.02.01","Caldera"
"04","Atacama ","04.02","Copiapó ","04.02.02","Copiapó"
"04","Atacama ","04.02","Copiapó ","04.02.03","Tierra Amarilla "
"04","Atacama ","04.03","Huasco ","04.03.01","Alto del Carmen"
"04","Atacama ","04.03","Huasco ","04.03.02","Freirina"
"04","Atacama ","04.03","Huasco ","04.03.03","Huasco"
"04","Atacama ","04.03","Huasco ","04.03.04","Vallenar "
"05","Coquimbo ","05.01","Choapa ","05.01.01","Canela"
"05","Coquimbo ","05.01","Choapa ","05.01.02","Illapel"
"05","Coquimbo ","05.01","Choapa ","05.01.03","Los Vilos"
"05","Coquimbo ","05.01","Choapa ","05.01.04","Salamanca "
"05","Coquimbo ","05.02","Elqui ","05.02.01","Andacollo"
"05","Coquimbo ","05.02","Elqui ","05.02.02","Coquimbo"
"05","Coquimbo ","05.02","Elqui ","05.02.03","La Higuera"
"05","Coquimbo ","05.02","Elqui ","05.02.04","La Serena"
"05","Coquimbo ","05.02","Elqui ","05.02.05","Paihuano"
"05","Coquimbo ","05.02","Elqui ","05.02.06","Vicuña"
"05","Coquimbo ","05.03","Limarí ","05.03.01","Combarbalá"
"05","Coquimbo ","05.03","Limarí ","05.03.02","Combarbalá"
"05","Coquimbo ","05.03","Limarí ","05.03.03","Monte Patria"
"05","Coquimbo ","05.03","Limarí ","05.03.04","Ovalle"
"05","Coquimbo ","05.03","Limarí ","05.03.05","Punitaqui"
"05","Coquimbo ","05.03","Limarí ","05.03.06","Río Hurtado "
"06","Valparaíso ","06.01","Isla de Pascua ","06.01.01","Isla de Pascua "
"06","Valparaíso ","06.02","Los Andes ","06.02.01","Calle Larga"
"06","Valparaíso ","06.02","Los Andes ","06.02.02","Los Andes"
"06","Valparaíso ","06.02","Los Andes ","06.02.03","Rinconada de Los Andes"
"06","Valparaíso ","06.02","Los Andes ","06.02.04","San Esteban "
"06","Valparaíso ","06.03","Marga Marga ","06.03.01","Limache"
"06","Valparaíso ","06.03","Marga Marga ","06.03.02","Olmué"
"06","Valparaíso ","06.03","Marga Marga ","06.03.03","Quilpué"
"06","Valparaíso ","06.03","Marga Marga ","06.03.04","Villa Alemana"
"06","Valparaíso ","06.04","Petorca ","06.04.01","Cabildo"
"06","Valparaíso ","06.04","Petorca ","06.04.02","La Ligua"
"06","Valparaíso ","06.04","Petorca ","06.04.03","Papudo"
"06","Valparaíso ","06.04","Petorca ","06.04.04","Petorca"
"06","Valparaíso ","06.04","Petorca ","06.04.05","Zapallar"
"06","Valparaíso ","06.05","Quillota ","06.05.01","Hijuelas"
"06","Valparaíso ","06.05","Quillota ","06.05.02","La Calera"
"06","Valparaíso ","06.05","Quillota ","06.05.03","La Cruz"
"06","Valparaíso ","06.05","Quillota ","06.05.04","Nogales"
"06","Valparaíso ","06.05","Quillota ","06.05.05","Quillota "
"06","Valparaíso ","06.06","San Antonio ","06.06.01","Algarrobo"
"06","Valparaíso ","06.06","San Antonio ","06.06.02","Cartagena"
"06","Valparaíso ","06.06","San Antonio ","06.06.03","El Quisco"
"06","Valparaíso ","06.06","San Antonio ","06.06.04","El Tabo"
"06","Valparaíso ","06.06","San Antonio ","06.06.05","San Antonio"
"06","Valparaíso ","06.06","San Antonio ","06.06.06","Santo Domingo "
"06","Valparaíso ","06.07","San Felipe de Aconcagua ","06.07.01","Catemu"
"06","Valparaíso ","06.07","San Felipe de Aconcagua ","06.07.02","Llaillay"
"06","Valparaíso ","06.07","San Felipe de Aconcagua ","06.07.03","Panquehue"
"06","Valparaíso ","06.07","San Felipe de Aconcagua ","06.07.04","Putaendo"
"06","Valparaíso ","06.07","San Felipe de Aconcagua ","06.07.05","San Felipe"
"06","Valparaíso ","06.07","San Felipe de Aconcagua ","06.07.06","Santa María "
"06","Valparaíso ","06.08","Valparaíso ","06.08.01","Casablanca"
"06","Valparaíso ","06.08","Valparaíso ","06.08.02","Concón"
"06","Valparaíso ","06.08","Valparaíso ","06.08.03","Juan Fernández"
"06","Valparaíso ","06.08","Valparaíso ","06.08.04","Puchuncaví"
"06","Valparaíso ","06.08","Valparaíso ","06.08.05","Quintero"
"06","Valparaíso ","06.08","Valparaíso ","06.08.06","Valparaíso"
"06","Valparaíso ","06.08","Valparaíso ","06.08.07","Viña del Mar "
"07","Libertador GeneralBernardo O'Higgins ","07.01","Cachapoal ","07.01.01","Codegua"
"07","Libertador GeneralBernardo O'Higgins ","07.01","Cachapoal ","07.01.02","Coínco"
"07","Libertador GeneralBernardo O'Higgins ","07.01","Cachapoal ","07.01.03","Coltauco"
"07","Libertador GeneralBernardo O'Higgins ","07.01","Cachapoal ","07.01.04","Doñihue"
"07","Libertador GeneralBernardo O'Higgins ","07.01","Cachapoal ","07.01.05","Graneros"
"07","Libertador GeneralBernardo O'Higgins ","07.01","Cachapoal ","07.01.06","Las Cabras"
"07","Libertador GeneralBernardo O'Higgins ","07.01","Cachapoal ","07.01.07","Machalí"
"07","Libertador GeneralBernardo O'Higgins ","07.01","Cachapoal ","07.01.08","Malloa"
"07","Libertador GeneralBernardo O'Higgins ","07.01","Cachapoal ","07.01.09","Olivar"
"07","Libertador GeneralBernardo O'Higgins ","07.01","Cachapoal ","07.01.10","Peumo"
"07","Libertador GeneralBernardo O'Higgins ","07.01","Cachapoal ","07.01.11","Pichidegua"
"07","Libertador GeneralBernardo O'Higgins ","07.01","Cachapoal ","07.01.12","Quinta de Tilcoco"
"07","Libertador GeneralBernardo O'Higgins ","07.01","Cachapoal ","07.01.13","Rancagua"
"07","Libertador GeneralBernardo O'Higgins ","07.01","Cachapoal ","07.01.14","Requínoa"
"07","Libertador GeneralBernardo O'Higgins ","07.01","Cachapoal ","07.01.15","Rengo"
"07","Libertador GeneralBernardo O'Higgins ","07.01","Cachapoal ","07.01.16","San Francisco de Mostazal"
"07","Libertador GeneralBernardo O'Higgins ","07.01","Cachapoal ","07.01.17","San Vicente de Tagua Tagua "
"07","Libertador GeneralBernardo O'Higgins ","07.02","Cardenal Caro ","07.02.01","La Estrella"
"07","Libertador GeneralBernardo O'Higgins ","07.02","Cardenal Caro ","07.02.02","Litueche"
"07","Libertador GeneralBernardo O'Higgins ","07.02","Cardenal Caro ","07.02.03","Marchigüe"
"07","Libertador GeneralBernardo O'Higgins ","07.02","Cardenal Caro ","07.02.04","Navidad"
"07","Libertador GeneralBernardo O'Higgins ","07.02","Cardenal Caro ","07.02.05","Paredones"
"07","Libertador GeneralBernardo O'Higgins ","07.02","Cardenal Caro ","07.02.06","Pichilemu "
"07","Libertador GeneralBernardo O'Higgins ","07.03","Colchagua ","07.03.01","Chépica"
"07","Libertador GeneralBernardo O'Higgins ","07.03","Colchagua ","07.03.02","Chimbarongo"
"07","Libertador GeneralBernardo O'Higgins ","07.03","Colchagua ","07.03.03","Lolol"
"07","Libertador GeneralBernardo O'Higgins ","07.03","Colchagua ","07.03.04","Nancagua"
"07","Libertador GeneralBernardo O'Higgins ","07.03","Colchagua ","07.03.05","Palmilla"
"07","Libertador GeneralBernardo O'Higgins ","07.03","Colchagua ","07.03.06","Peralillo"
"07","Libertador GeneralBernardo O'Higgins ","07.03","Colchagua ","07.03.07","Placilla"
"07","Libertador GeneralBernardo O'Higgins ","07.03","Colchagua ","07.03.08","Pumanque"
"07","Libertador GeneralBernardo O'Higgins ","07.03","Colchagua ","07.03.09","San Fernando"
"07","Libertador GeneralBernardo O'Higgins ","07.03","Colchagua ","07.03.10","Santa Cruz "
"08","Maule ","08.01","Cauquenes ","08.01.01","Cauquenes"
"08","Maule ","08.01","Cauquenes ","08.01.02","Chanco"
"08","Maule ","08.01","Cauquenes ","08.01.03","Pelluhue "
"08","Maule ","08.02","Curicó ","08.02.01","Curicó"
"08","Maule ","08.02","Curicó ","08.02.02","Hualañé"
"08","Maule ","08.02","Curicó ","08.02.03","Licantén"
"08","Maule ","08.02","Curicó ","08.02.04","Molina"
"08","Maule ","08.02","Curicó ","08.02.05","Rauco"
"08","Maule ","08.02","Curicó ","08.02.06","Romeral"
"08","Maule ","08.02","Curicó ","08.02.07","Sagrada Familia"
"08","Maule ","08.02","Curicó ","08.02.08","Teno"
"08","Maule ","08.02","Curicó ","08.02.09","Vichuquén "
"08","Maule ","08.03","Linares ","08.03.01","Colbún"
"08","Maule ","08.03","Linares ","08.03.02","Linares"
"08","Maule ","08.03","Linares ","08.03.03","Longaví"
"08","Maule ","08.03","Linares ","08.03.04","Parral"
"08","Maule ","08.03","Linares ","08.03.05","Retiro"
"08","Maule ","08.03","Linares ","08.03.06","San Javier de Loncomilla"
"08","Maule ","08.03","Linares ","08.03.07","Villa Alegre"
"08","Maule ","08.03","Linares ","08.03.08","Yerbas Buenas "
"08","Maule ","08.04","Talca ","08.04.01","Constitución"
"08","Maule ","08.04","Talca ","08.04.02","Curepto"
"08","Maule ","08.04","Talca ","08.04.03","Empedrado"
"08","Maule ","08.04","Talca ","08.04.04","Maule"
"08","Maule ","08.04","Talca ","08.04.05","Pelarco"
"08","Maule ","08.04","Talca ","08.04.06","Pencahue"
"08","Maule ","08.04","Talca ","08.04.07","Río Claro"
"08","Maule ","08.04","Talca ","08.04.08","San Clemente"
"08","Maule ","08.04","Talca ","08.04.09","San Rafael"
"08","Maule ","08.04","Talca ","08.04.10","Talca "
"09","Ñuble ","09.01","Diguillín ","09.01.01","Bulnes"
"09","Ñuble ","09.01","Diguillín ","09.01.02","Chillán"
"09","Ñuble ","09.01","Diguillín ","09.01.03","Chillán Viejo"
"09","Ñuble ","09.01","Diguillín ","09.01.04","El Carmen"
"09","Ñuble ","09.01","Diguillín ","09.01.05","Pemuco"
"09","Ñuble ","09.01","Diguillín ","09.01.06","Pinto"
"09","Ñuble ","09.01","Diguillín ","09.01.07","Quillón"
"09","Ñuble ","09.01","Diguillín ","09.01.08","San Ignacio"
"09","Ñuble ","09.01","Diguillín ","09.01.09","Yungay "
"09","Ñuble ","09.02","Itata ","09.02.01","Cobquecura"
"09","Ñuble ","09.02","Itata ","09.02.02","Coelemu"
"09","Ñuble ","09.02","Itata ","09.02.03","Ninhue"
"09","Ñuble ","09.02","Itata ","09.02.04","Portezuelo"
"09","Ñuble ","09.02","Itata ","09.02.05","Quirihue"
"09","Ñuble ","09.02","Itata ","09.02.06","Ránquil"
"09","Ñuble ","09.02","Itata ","09.02.07","Treguaco "
"09","Ñuble ","09.03","Punilla ","09.03.01","Coihueco"
"09","Ñuble ","09.03","Punilla ","09.03.02","Ñiquén"
"09","Ñuble ","09.03","Punilla ","09.03.03","San Carlos"
"09","Ñuble ","09.03","Punilla ","09.03.04","San Fabián"
"09","Ñuble ","09.03","Punilla ","09.03.05","San Nicolás "
"10","Biobío ","10.01","Arauco ","10.01.01","Arauco"
"10","Biobío ","10.01","Arauco ","10.01.02","Cañete"
"10","Biobío ","10.01","Arauco ","10.01.03","Contulmo"
"10","Biobío ","10.01","Arauco ","10.01.04","Curanilahue"
"10","Biobío ","10.01","Arauco ","10.01.05","Lebu"
"10","Biobío ","10.01","Arauco ","10.01.06","Los Álamos"
"10","Biobío ","10.01","Arauco ","10.01.07","Tirúa "
"10","Biobío ","10.02","Biobío ","10.02.01","Alto Biobío"
"10","Biobío ","10.02","Biobío ","10.02.02","Antuco"
"10","Biobío ","10.02","Biobío ","10.02.03","Cabrero"
"10","Biobío ","10.02","Biobío ","10.02.04","Laja"
"10","Biobío ","10.02","Biobío ","10.02.05","Los Ángeles"
"10","Biobío ","10.02","Biobío ","10.02.06","Mulchén"
"10","Biobío ","10.02","Biobío ","10.02.07","Nacimiento"
"10","Biobío ","10.02","Biobío ","10.02.08","Negrete"
"10","Biobío ","10.02","Biobío ","10.02.09","Quilaco"
"10","Biobío ","10.02","Biobío ","10.02.10","Quilleco"
"10","Biobío ","10.02","Biobío ","10.02.11","San Rosendo"
"10","Biobío ","10.02","Biobío ","10.02.12","Santa Bárbara"
"10","Biobío ","10.02","Biobío ","10.02.13","Tucapel"
"10","Biobío ","10.02","Biobío ","10.02.14","Yumbel "
"10","Biobío ","10.03","Concepción ","10.03.01","Chiguayante"
"10","Biobío ","10.03","Concepción ","10.03.02","Concepción"
"10","Biobío ","10.03","Concepción ","10.03.03","Coronel"
"10","Biobío ","10.03","Concepción ","10.03.04","Florida"
"10","Biobío ","10.03","Concepción ","10.03.05","Hualpén"
"10","Biobío ","10.03","Concepción ","10.03.06","Hualqui"
"10","Biobío ","10.03","Concepción ","10.03.07","Lota"
"10","Biobío ","10.03","Concepción ","10.03.08","Penco"
"10","Biobío ","10.03","Concepción ","10.03.09","San Pedro de la Paz"
"10","Biobío ","10.03","Concepción ","10.03.10","Santa Juana"
"10","Biobío ","10.03","Concepción ","10.03.11","Talcahuano"
"10","Biobío ","10.03","Concepción ","10.03.12","Tomé "
"11","Araucanía ","11.01","Cautín ","11.01.01","Carahue"
"11","Araucanía ","11.01","Cautín ","11.01.02","Cholchol"
"11","Araucanía ","11.01","Cautín ","11.01.03","Cunco"
"11","Araucanía ","11.01","Cautín ","11.01.04","Curarrehue"
"11","Araucanía ","11.01","Cautín ","11.01.05","Freire"
"11","Araucanía ","11.01","Cautín ","11.01.06","Galvarino"
"11","Araucanía ","11.01","Cautín ","11.01.07","Gorbea"
"11","Araucanía ","11.01","Cautín ","11.01.08","Lautaro"
"11","Araucanía ","11.01","Cautín ","11.01.09","Loncoche"
"11","Araucanía ","11.01","Cautín ","11.01.10","Melipeuco"
"11","Araucanía ","11.01","Cautín ","11.01.11","Nueva Imperial"
"11","Araucanía ","11.01","Cautín ","11.01.12","Padre Las Casas"
"11","Araucanía ","11.01","Cautín ","11.01.13","Perquenco"
"11","Araucanía ","11.01","Cautín ","11.01.14","Pitrufquén"
"11","Araucanía ","11.01","Cautín ","11.01.15","Pucón"
"11","Araucanía ","11.01","Cautín ","11.01.16","Saavedra"
"11","Araucanía ","11.01","Cautín ","11.01.17","Temuco"
"11","Araucanía ","11.01","Cautín ","11.01.18","Teodoro Schmidt"
"11","Araucanía ","11.01","Cautín ","11.01.19","Toltén"
"11","Araucanía ","11.01","Cautín ","11.01.20","Vilcún"
"11","Araucanía ","11.01","Cautín ","11.01.21","Villarrica "
"11","Araucanía ","11.02","Malleco ","11.02.01","Angol"
"11","Araucanía ","11.02","Malleco ","11.02.02","Collipulli"
"11","Araucanía ","11.02","Malleco ","11.02.03","Curacautín"
"11","Araucanía ","11.02","Malleco ","11.02.04","Ercilla"
"11","Araucanía ","11.02","Malleco ","11.02.05","Lonquimay"
"11","Araucanía ","11.02","Malleco ","11.02.06","Los Sauces"
"11","Araucanía ","11.02","Malleco ","11.02.07","Lumaco"
"11","Araucanía ","11.02","Malleco ","11.02.08","Purén"
"11","Araucanía ","11.02","Malleco ","11.02.09","Renaico"
"11","Araucanía ","11.02","Malleco ","11.02.10","Traiguén"
"11","Araucanía ","11.02","Malleco ","11.02.11","Victoria "
"12","Los Ríos ","12.01","Ranco ","12.01.01","Futrono"
"12","Los Ríos ","12.01","Ranco ","12.01.02","La Unión"
"12","Los Ríos ","12.01","Ranco ","12.01.03","Lago Ranco"
"12","Los Ríos ","12.01","Ranco ","12.01.04","Río Bueno "
"12","Los Ríos ","12.02","Valdivia ","12.02.01","Corral"
"12","Los Ríos ","12.02","Valdivia ","12.02.02","Lanco"
"12","Los Ríos ","12.02","Valdivia ","12.02.03","Los Lagos"
"12","Los Ríos ","12.02","Valdivia ","12.02.04","Máfil"
"12","Los Ríos ","12.02","Valdivia ","12.02.05","Mariquina"
"12","Los Ríos ","12.02","Valdivia ","12.02.06","Paillaco"
"12","Los Ríos ","12.02","Valdivia ","12.02.07","Panguipulli"
"12","Los Ríos ","12.02","Valdivia ","12.02.08","Valdivia "
"13","Los Lagos ","13.01","Chiloé ","13.01.01","Ancud"
"13","Los Lagos ","13.01","Chiloé ","13.01.02","Castro"
"13","Los Lagos ","13.01","Chiloé ","13.01.03","Chonchi"
"13","Los Lagos ","13.01","Chiloé ","13.01.04","Curaco de Vélez"
"13","Los Lagos ","13.01","Chiloé ","13.01.05","Dalcahue"
"13","Los Lagos ","13.01","Chiloé ","13.01.06","Puqueldón"
"13","Los Lagos ","13.01","Chiloé ","13.01.07","Queilén"
"13","Los Lagos ","13.01","Chiloé ","13.01.08","Quellón"
"13","Los Lagos ","13.01","Chiloé ","13.01.09","Quemchi"
"13","Los Lagos ","13.01","Chiloé ","13.01.10","Quinchao "
"13","Los Lagos ","13.02","Llanquihue ","13.02.01","Calbuco"
"13","Los Lagos ","13.02","Llanquihue ","13.02.02","Cochamó"
"13","Los Lagos ","13.02","Llanquihue ","13.02.03","Fresia"
"13","Los Lagos ","13.02","Llanquihue ","13.02.04","Frutillar"
"13","Los Lagos ","13.02","Llanquihue ","13.02.05","Llanquihue"
"13","Los Lagos ","13.02","Llanquihue ","13.02.06","Los Muermos"
"13","Los Lagos ","13.02","Llanquihue ","13.02.07","Maullín"
"13","Los Lagos ","13.02","Llanquihue ","13.02.08","Puerto Montt"
"13","Los Lagos ","13.02","Llanquihue ","13.02.09","Puerto Varas "
"13","Los Lagos ","13.03","Osorno ","13.03.01","Osorno"
"13","Los Lagos ","13.03","Osorno ","13.03.02","Puerto Octay"
"13","Los Lagos ","13.03","Osorno ","13.03.03","Purranque"
"13","Los Lagos ","13.03","Osorno ","13.03.04","Puyehue"
"13","Los Lagos ","13.03","Osorno ","13.03.05","Río Negro"
"13","Los Lagos ","13.03","Osorno ","13.03.06","San Pablo"
"13","Los Lagos ","13.03","Osorno ","13.03.07","San Juan de la Costa "
"13","Los Lagos ","13.04","Palena ","13.04.01","Chaitén"
"13","Los Lagos ","13.04","Palena ","13.04.02","Futaleufú"
"13","Los Lagos ","13.04","Palena ","13.04.03","Hualaihué"
"13","Los Lagos ","13.04","Palena ","13.04.04","Palena "
"14","Aysén del GeneralCarlos Ibáñez del Campo ","14.01","Aysén ","14.01.01","Aysén"
"14","Aysén del GeneralCarlos Ibáñez del Campo ","14.01","Aysén ","14.01.02","Cisnes"
"14","Aysén del GeneralCarlos Ibáñez del Campo ","14.01","Aysén ","14.01.03","Guaitecas "
"14","Aysén del GeneralCarlos Ibáñez del Campo ","14.02","Capitán Prat ","14.02.01","Cochrane"
"14","Aysén del GeneralCarlos Ibáñez del Campo ","14.02","Capitán Prat ","14.02.02","O'Higgins"
"14","Aysén del GeneralCarlos Ibáñez del Campo ","14.02","Capitán Prat ","14.02.03","Tortel "
"14","Aysén del GeneralCarlos Ibáñez del Campo ","14.03","Coyhaique ","14.03.01","Coyhaique"
"14","Aysén del GeneralCarlos Ibáñez del Campo ","14.03","Coyhaique ","14.03.02","Lago Verde "
"14","Aysén del GeneralCarlos Ibáñez del Campo ","14.04","General Carrera ","14.04.01","Chile Chico"
"14","Aysén del GeneralCarlos Ibáñez del Campo ","14.04","General Carrera ","14.04.02","Río Ibáñez "
"15","Magallanes y de laAntártica Chilena ","15.01","Antártica Chilena ","15.01.01","Antártica"
"15","Magallanes y de laAntártica Chilena ","15.01","Antártica Chilena ","15.01.02","Cabo de Hornos "
"15","Magallanes y de laAntártica Chilena ","15.02","Magallanes ","15.02.01","Laguna Blanca"
"15","Magallanes y de laAntártica Chilena ","15.02","Magallanes ","15.02.02","Punta Arenas"
"15","Magallanes y de laAntártica Chilena ","15.02","Magallanes ","15.02.03","Río Verde"
"15","Magallanes y de laAntártica Chilena ","15.02","Magallanes ","15.02.04","San Gregorio "
"15","Magallanes y de laAntártica Chilena ","15.03","Tierra del Fuego ","15.03.01","Porvenir"
"15","Magallanes y de laAntártica Chilena ","15.03","Tierra del Fuego ","15.03.02","Primavera"
"15","Magallanes y de laAntártica Chilena ","15.03","Tierra del Fuego ","15.03.03","Timaukel "
"15","Magallanes y de laAntártica Chilena ","15.04","Última Esperanza ","15.04.01","Natales"
"15","Magallanes y de laAntártica Chilena ","15.04","Última Esperanza ","15.04.02","Torres del Paine "
"16","Metropolitana de Santiago ","16.01","Chacabuco ","16.01.01","Colina"
"16","Metropolitana de Santiago ","16.01","Chacabuco ","16.01.02","Lampa"
"16","Metropolitana de Santiago ","16.01","Chacabuco ","16.01.03","Tiltil "
"16","Metropolitana de Santiago ","16.02","Cordillera ","16.02.01","Pirque"
"16","Metropolitana de Santiago ","16.02","Cordillera ","16.02.02","Puente Alto"
"16","Metropolitana de Santiago ","16.02","Cordillera ","16.02.03","San José de Maipo "
"16","Metropolitana de Santiago ","16.03","Maipo ","16.03.01","Buin"
"16","Metropolitana de Santiago ","16.03","Maipo ","16.03.02","Calera de Tango"
"16","Metropolitana de Santiago ","16.03","Maipo ","16.03.03","Paine"
"16","Metropolitana de Santiago ","16.03","Maipo ","16.03.04","San Bernardo "
"16","Metropolitana de Santiago ","16.04","Melipilla ","16.04.01","Alhué"
"16","Metropolitana de Santiago ","16.04","Melipilla ","16.04.02","Curacaví"
"16","Metropolitana de Santiago ","16.04","Melipilla ","16.04.03","María Pinto"
"16","Metropolitana de Santiago ","16.04","Melipilla ","16.04.04","Melipilla"
"16","Metropolitana de Santiago ","16.04","Melipilla ","16.04.05","San Pedro "
"16","Metropolitana de Santiago ","16.05","Santiago ","16.05.01","Cerrillos"
"16","Metropolitana de Santiago ","16.05","Santiago ","16.05.02","Cerro Navia"
"16","Metropolitana de Santiago ","16.05","Santiago ","16.05.03","Conchalí"
"16","Metropolitana de Santiago ","16.05","Santiago ","16.05.04","El Bosque"
"16","Metropolitana de Santiago ","16.05","Santiago ","16.05.05","Estación Central"
"16","Metropolitana de Santiago ","16.05","Santiago ","16.05.06","Huechuraba"
"16","Metropolitana de Santiago ","16.05","Santiago ","16.05.07","Independencia"
"16","Metropolitana de Santiago ","16.05","Santiago ","16.05.08","La Cisterna"
"16","Metropolitana de Santiago ","16.05","Santiago ","16.05.09","La Granja"
"16","Metropolitana de Santiago ","16.05","Santiago ","16.05.10","La Florida"
"16","Metropolitana de Santiago ","16.05","Santiago ","16.05.11","La Pintana"
"16","Metropolitana de Santiago ","16.05","Santiago ","16.05.12","La Reina"
"16","Metropolitana de Santiago ","16.05","Santiago ","16.05.13","Las Condes"
"16","Metropolitana de Santiago ","16.05","Santiago ","16.05.14","Lo Barnechea"
"16","Metropolitana de Santiago ","16.05","Santiago ","16.05.15","Lo Espejo"
"16","Metropolitana de Santiago ","16.05","Santiago ","16.05.16","Lo Prado"
"16","Metropolitana de Santiago ","16.05","Santiago ","16.05.17","Macul"
"16","Metropolitana de Santiago ","16.05","Santiago ","16.05.18","Maipú"
"16","Metropolitana de Santiago ","16.05","Santiago ","16.05.19","Ñuñoa"
"16","Metropolitana de Santiago ","16.05","Santiago ","16.05.20","Pedro Aguirre Cerda"
"16","Metropolitana de Santiago ","16.05","Santiago ","16.05.21","Peñalolén"
"16","Metropolitana de Santiago ","16.05","Santiago ","16.05.22","Providencia"
"16","Metropolitana de Santiago ","16.05","Santiago ","16.05.23","Pudahuel"
"16","Metropolitana de Santiago ","16.05","Santiago ","16.05.24","Quilicura"
"16","Metropolitana de Santiago ","16.05","Santiago ","16.05.25","Quinta Normal"
"16","Metropolitana de Santiago ","16.05","Santiago ","16.05.26","Recoleta"
"16","Metropolitana de Santiago ","16.05","Santiago ","16.05.27","Renca"
"16","Metropolitana de Santiago ","16.05","Santiago ","16.05.28","San Miguel"
"16","Metropolitana de Santiago ","16.05","Santiago ","16.05.29","San Joaquín"
"16","Metropolitana de Santiago ","16.05","Santiago ","16.05.30","San Ramón"
"16","Metropolitana de Santiago ","16.05","Santiago ","16.05.31","Santiago"
"16","Metropolitana de Santiago ","16.05","Santiago ","16.05.32","Vitacura "
"16","Metropolitana de Santiago ","16.06","Talagante ","16.06.01","El Monte"
"16","Metropolitana de Santiago ","16.06","Talagante ","16.06.02","Isla de Maipo"
"16","Metropolitana de Santiago ","16.06","Talagante ","16.06.03","Padre Hurtado"
"16","Metropolitana de Santiago ","16.06","Talagante ","16.06.04","Peñaflor"
"16","Metropolitana de Santiago ","16.06","Talagante ","16.06.05","Talagante "
